Pennsylvania,Philadelphia,E. Philadelphia,W. Philadelphia,N. Philadelphia,S. Philadelphia,Pittsburgh,E. Pittsburgh,W. Pittsburgh,N. Pittsburgh,S. Pittsburgh,Allentown,E. Allentown,W. Allentown,N. Allentown,S. Allentown,Erie,E. Erie,W. Erie,N. Erie,S. Erie,Reading,E. Reading,W. Reading,N. Reading,S. Reading,Scranton,E. Scranton,W. Scranton,N. Scranton,S. Scranton,Bethlehem,E. Bethlehem,W. Bethlehem,N. Bethlehem,S. Bethlehem,E. Lancaster,W. Lancaster,N. Lancaster,S. Lancaster,E. Harrisburg,W. Harrisburg,S. Harrisburg,E. Altoona,W. Altoona,S. Altoona,E. York,W. York,S. York,E. State College,W. State College,S. State College,E. Wilkes-Barre,W. Wilkes-Barre,S. Wilkes-Barre,E. Norristown,W. Norristown,E. Chester,W. Chester,E. Bethel Park,W. Bethel Park,E. Williamsport,W. Williamsport,E. Monroeville,W. Monroeville,E. Plum,W. Plum,E. Easton,W. Easton,Lebanon,Hazleton,New Castle,Pottstown,Johnstown,West Mifflin,Chambersburg,Murrysville,Baldwin,McKeesport,Carlisle,West Chester,Phoenixville,Lansdale,Hermitage,Wilkinsburg,Hanover,Greensburg,Bloomsburg,Pottsville,Dunmore,Sharon,Indiana,Whitehall,Butler,Washington,Franklin Park,Ephrata,Meadville
Texas,Houston,E. Houston,W. Houston,N. Houston,S. Houston,San Antonio,E. San Antonio,W. San Antonio,N. San Antonio,S. San Antonio,Dallas,E. Dallas,W. Dallas,N. Dallas,S. Dallas,Austin,E. Austin,W. Austin,N. Austin,S. Austin,Fort Worth,E. Fort Worth,W. Fort Worth,N. Fort Worth,S. Fort Worth,El Paso,E. El Paso,W. El Paso,N. El Paso,S. El Paso,Arlington,E. Arlington,W. Arlington,N. Arlington,S. Arlington,E. Corpus Christi,W. Corpus Christi,N. Corpus Christi,S. Corpus Christi,E. Plano,W. Plano,N. Plano,S. Plano,E. Laredo,W. Laredo,S. Laredo,E. Lubbock,W. Lubbock,S. Lubbock,E. Garland,W. Garland,S. Garland,E. Irving,W. Irving,S. Irving,E. Amarillo,W. Amarillo,E. Grand Prairie,W. Grand Prairie,E. Brownsville,W. Brownsville,E. Pasadena,W. Pasadena,E. Mesquite,W. Mesquite,E. McKinney,W. McKinney,E. McAllen,W. McAllen,Killeen,Waco,Carrollton,Beaumont,Abilene,Frisco,Denton,Midland,Wichita Falls,Odessa,Round Rock,Richardson,Tyler,Lewisville,College Station,San Angelo,Pearland,Allen,League City,Longview,Sugar Land,Edinburg,Mission,Bryan,Baytown,Pharr,Missouri City,Temple,Harlingen
Iowa,Des Moines,E. Des Moines,W. Des Moines,N. Des Moines,S. Des Moines,Cedar Rapids,E. Cedar Rapids,W. Cedar Rapids,N. Cedar Rapids,S. Cedar Rapids,Davenport,E. Davenport,W. Davenport,N. Davenport,S. Davenport,Sioux City,E. Sioux City,W. Sioux City,N. Sioux City,S. Sioux City,Waterloo,E. Waterloo,W. Waterloo,N. Waterloo,S. Waterloo,Iowa City,E. Iowa City,W. Iowa City,N. Iowa City,S. Iowa City,Council Bluffs,E. Council Bluffs,W. Council Bluffs,N. Council Bluffs,S. Council Bluffs,Ames,E. Ames,W. Ames,N. Ames,S. Ames,Dubuque,E. Dubuque,W. Dubuque,N. Dubuque,S. Dubuque,West Des Moines,E. West Des Moines,W. West Des Moines,N. West Des Moines,S. West Des Moines,E. Ankeny,W. Ankeny,N. Ankeny,S. Ankeny,E. Urbandale,W. Urbandale,N. Urbandale,S. Urbandale,E. Cedar Falls,W. Cedar Falls,S. Cedar Falls,E. Marion,W. Marion,S. Marion,E. Bettendorf,W. Bettendorf,S. Bettendorf,E. Mason City,W. Mason City,E. Marshalltown,W. Marshalltown,E. Clinton,W. Clinton,E. Burlington,W. Burlington,E. Fort Dodge,W. Fort Dodge,E. Ottumwa,W. Ottumwa,E. Muscatine,W. Muscatine,Coralville,Johnston,Clive,Newton,Indianola,Altoona,Waukee,North Liberty,Boone,Oskaloosa,Spencer,Fort Madison,Keokuk,Storm Lake,Pella,Carroll,Waverly
Kansas,Wichita,E. Wichita,W. Wichita,N. Wichita,S. Wichita,Overland Park,E. Overland Park,W. Overland Park,N. Overland Park,S. Overland Park,Kansas City,E. Kansas City,W. Kansas City,N. Kansas City,S. Kansas City,Topeka,E. Topeka,W. Topeka,N. Topeka,S. Topeka,Olathe,E. Olathe,W. Olathe,N. Olathe,S. Olathe,Lawrence,E. Lawrence,W. Lawrence,N. Lawrence,S. Lawrence,Shawnee,E. Shawnee,W. Shawnee,N. Shawnee,S. Shawnee,Manhattan,E. Manhattan,W. Manhattan,N. Manhattan,S. Manhattan,Lenexa,E. Lenexa,W. Lenexa,N. Lenexa,S. Lenexa,Salina,E. Salina,W. Salina,N. Salina,S. Salina,E. Hutchinson,W. Hutchinson,N. Hutchinson,S. Hutchinson,E. Leavenworth,W. Leavenworth,S. Leavenworth,E. Leawood,W. Leawood,S. Leawood,E. Dodge City,W. Dodge City,E. Garden City,W. Garden City,E. Emporia,W. Emporia,E. Junction City,W. Junction City,E. Derby,W. Derby,E. Prairie Village,W. Prairie Village,E. Liberal,W. Liberal,E. Hays,W. Hays,E. Pittsburg,W. Pittsburg,E. Newton,W. Newton,E. Gardner,W. Gardner,Great Bend,McPherson,El Dorado,Ottawa,Arkansas City,Winfield,Andover,Lansing,Atchison,Merriam,Haysville,Parsons,Coffeyville,Independence,Mission
South Dakota,Sioux Falls,E. Sioux Falls,W. Sioux Falls,N. Sioux Falls,S. Sioux Falls,Rapid City,E. Rapid City,W. Rapid City,N. Rapid City,S. Rapid City,Aberdeen,E. Aberdeen,W. Aberdeen,N. Aberdeen,S. Aberdeen,Brookings,E. Brookings,W. Brookings,N. Brookings,S. Brookings,Watertown,E. Watertown,W. Watertown,N. Watertown,S. Watertown,Mitchell,E. Mitchell,W. Mitchell,N. Mitchell,S. Mitchell,Yankton,E. Yankton,W. Yankton,N. Yankton,S. Yankton,Pierre,E. Pierre,W. Pierre,N. Pierre,S. Pierre,Huron,E. Huron,W. Huron,N. Huron,S. Huron,Vermillion,E. Vermillion,W. Vermillion,N. Vermillion,S. Vermillion,Spearfish,E. Spearfish,W. Spearfish,N. Spearfish,S. Spearfish,E. Brandon,W. Brandon,N. Brandon,S. Brandon,E. Box Elder,W. Box Elder,N. Box Elder,S. Box Elder,E. Sturgis,W. Sturgis,S. Sturgis,E. Madison,W. Madison,S. Madison,E. Belle Fourche,W. Belle Fourche,S. Belle Fourche,E. Harrisburg,W. Harrisburg,E. Tea,W. Tea,E. Hot Springs,W. Hot Springs,E. Dell Rapids,W. Dell Rapids,Mobridge,Milbank,Lead,Canton,Winner,Hartford,North Sioux City,Sisseton,Chamberlain,Flandreau,Redfield,Lennox,Fort Pierre,Custer,Beresford,Springfield,Elk Point,Webster,Summerset
West Virginia,Charleston,E. Charleston,W. Charleston,N. Charleston,S. Charleston,Huntington,E. Huntington,W. Huntington,N. Huntington,S. Huntington,Parkersburg,E. Parkersburg,W. Parkersburg,N. Parkersburg,S. Parkersburg,Morgantown,E. Morgantown,W. Morgantown,N. Morgantown,S. Morgantown,Wheeling,E. Wheeling,W. Wheeling,N. Wheeling,S. Wheeling,Weirton,E. Weirton,W. Weirton,N. Weirton,S. Weirton,Fairmont,E. Fairmont,W. Fairmont,N. Fairmont,S. Fairmont,Beckley,E. Beckley,W. Beckley,N. Beckley,S. Beckley,Martinsburg,E. Martinsburg,W. Martinsburg,N. Martinsburg,S. Martinsburg,Clarksburg,E. Clarksburg,W. Clarksburg,N. Clarksburg,S. Clarksburg,E. South Charleston,W. South Charleston,N. South Charleston,S. South Charleston,E. St. Albans,W. St. Albans,S. St. Albans,E. Vienna,W. Vienna,S. Vienna,E. Bluefield,W. Bluefield,S. Bluefield,E. Moundsville,W. Moundsville,S. Moundsville,E. Bridgeport,W. Bridgeport,E. Dunbar,W. Dunbar,E. Oak Hill,W. Oak Hill,E. Nitro,W. Nitro,E. Elkins,W. Elkins,E. Princeton,W. Princeton,E. Hurricane,W. Hurricane,Buckhannon,Keyser,New Martinsville,Charles Town,Grafton,Ranson,Point Pleasant,Weston,Westover,Barboursville,Ravenswood,Lewisburg,Summersville,Ripley,Kenova,Williamson,Pleasant Valley
Washington,Seattle,E. Seattle,W. Seattle,N. Seattle,S. Seattle,Spokane,E. Spokane,W. Spokane,N. Spokane,S. Spokane,Tacoma,E. Tacoma,W. Tacoma,N. Tacoma,S. Tacoma,Vancouver,E. Vancouver,W. Vancouver,N. Vancouver,S. Vancouver,Bellevue,E. Bellevue,W. Bellevue,N. Bellevue,S. Bellevue,Everett,E. Everett,W. Everett,N. Everett,S. Everett,E. Kent,W. Kent,N. Kent,S. Kent,E. Yakima,W. Yakima,N. Yakima,S. Yakima,E. Renton,W. Renton,N. Renton,S. Renton,E. Spokane Valley,W. Spokane Valley,N. Spokane Valley,S. Spokane Valley,E. Federal Way,W. Federal Way,N. Federal Way,S. Federal Way,E. Bellingham,W. Bellingham,S. Bellingham,E. Kennewick,W. Kennewick,S. Kennewick,E. Auburn,W. Auburn,S. Auburn,E. Marysville,W. Marysville,E. Pasco,W. Pasco,E. Lakewood,W. Lakewood,E. Redmond,W. Redmond,E. Shoreline,W. Shoreline,E. Kirkland,W. Kirkland,E. Richland,W. Richland,E. Olympia,W. Olympia,E. Sammamish,W. Sammamish,E. Lacey,W. Lacey,Edmonds,Bremerton,Puyallup,Longview,Lynnwood,Bothell,Burien,Wenatchee,Mount Vernon,Walla Walla,University Place,Issaquah,Pullman,Des Moines,Lake Stevens,SeaTac,Bainbridge Island,Mercer Island,Maple Valley,Oak Harbor
Florida,Jacksonville,E. Jacksonville,W. Jacksonville,N. Jacksonville,S. Jacksonville,Miami,E. Miami,W. Miami,N. Miami,S. Miami,Tampa,E. Tampa,W. Tampa,N. Tampa,S. Tampa,St. Petersburg,E. St. Petersburg,W. St. Petersburg,N. St. Petersburg,S. St. Petersburg,Orlando,E. Orlando,W. Orlando,N. Orlando,S. Orlando,E. Hialeah,W. Hialeah,N. Hialeah,S. Hialeah,E. Tallahassee,W. Tallahassee,S. Tallahassee,E. Fort Lauderdale,W. Fort Lauderdale,S. Fort Lauderdale,E. Port St. Lucie,W. Port St. Lucie,S. Port St. Lucie,E. Pembroke Pines,W. Pembroke Pines,S. Pembroke Pines,E. Cape Coral,W. Cape Coral,S. Cape Coral,E. Hollywood,W. Hollywood,S. Hollywood,E. Gainesville,W. Gainesville,E. Miramar,W. Miramar,E. Coral Springs,W. Coral Springs,E. Clearwater,W. Clearwater,E. Miami Gardens,W. Miami Gardens,E. Palm Bay,W. Palm Bay,E. West Palm Beach,W. West Palm Beach,E. Pompano Beach,W. Pompano Beach,E. Lakeland,W. Lakeland,Davie,Miami Beach,Deltona,Plantation,Sunrise,Boca Raton,Largo,Melbourne,Palm Coast,Deerfield Beach,Boynton Beach,Lauderhill,Weston,Fort Myers,Daytona Beach,Delray Beach,Homestead,Tamarac,Kissimmee,North Miami,North Port,Wellington,Ocala,Port Orange,Jupiter,Sanford,Margate,Coconut Creek,Pensacola,Sarasota,Bradenton,Pinellas Park,Palm Beach Gardens
Minnesota,Minneapolis,E. Minneapolis,W. Minneapolis,N. Minneapolis,S. Minneapolis,St. Paul,E. St. Paul,W. St. Paul,N. St. Paul,S. St. Paul,Rochester,E. Rochester,W. Rochester,N. Rochester,S. Rochester,E. Duluth,W. Duluth,N. Duluth,S. Duluth,E. Bloomington,W. Bloomington,N. Bloomington,S. Bloomington,E. Brooklyn Park,W. Brooklyn Park,S. Brooklyn Park,E. Plymouth,W. Plymouth,S. Plymouth,E. St. Cloud,W. St. Cloud,S. St. Cloud,E. Eagan,W. Eagan,S. Eagan,E. Woodbury,W. Woodbury,S. Woodbury,E. Maple Grove,W. Maple Grove,S. Maple Grove,E. Coon Rapids,W. Coon Rapids,S. Coon Rapids,E. Eden Prairie,W. Eden Prairie,S. Eden Prairie,E. Burnsville,W. Burnsville,S. Burnsville,E. Blaine,W. Blaine,E. Lakeville,W. Lakeville,E. Minnetonka,W. Minnetonka,E. Apple Valley,W. Apple Valley,E. Edina,W. Edina,E. St. Louis Park,W. St. Louis Park,Mankato,Moorhead,Maplewood,Shakopee,Richfield,Cottage Grove,Inver Grove Heights,Roseville,Andover,Brooklyn Center,Winona,Oakdale,Fridley,Savage,Owatonna,Shoreview,Austin,White Bear Lake,Chaska,Ramsey,Faribault,Champlin,Elk River,Chanhassen,Prior Lake,Hastings,Crystal,Rosemount,New Brighton,Farmington,Golden Valley,New Hope,Lino Lakes,South St. Paul
California,Los Angeles,E. Los Angeles,W. Los Angeles,N. Los Angeles,S. Los Angeles,San Diego,E. San Diego,W. San Diego,N. San Diego,S. San Diego,San Jose,E. San Jose,W. San Jose,N. San Jose,S. San Jose,San Francisco,E. San Francisco,W. San Francisco,N. San Francisco,S. San Francisco,E. Fresno,W. Fresno,N. Fresno,S. Fresno,E. Sacramento,W. Sacramento,N. Sacramento,S. Sacramento,E. Long Beach,W. Long Beach,N. Long Beach,S. Long Beach,E. Oakland,W. Oakland,S. Oakland,E. Bakersfield,W. Bakersfield,S. Bakersfield,E. Anaheim,W. Anaheim,S. Anaheim,E. Santa Ana,W. Santa Ana,S. Santa Ana,E. Riverside,W. Riverside,E. Stockton,W. Stockton,E. Chula Vista,W. Chula Vista,E. Fremont,W. Fremont,E. Irvine,W. Irvine,San Bernardino,Modesto,Oxnard,Fontana,Moreno Valley,Glendale,Huntington Beach,Santa Clarita,Garden Grove,Santa Rosa,Oceanside,Rancho Cucamonga,Ontario,Lancaster,Elk Grove,Palmdale,Corona,Salinas,Pomona,Torrance,Hayward,Escondido,Sunnyvale,Pasadena,Orange,Fullerton,Thousand Oaks,Visalia,Simi Valley,Concord,Roseville,Santa Clara,Vallejo,Victorville,El Monte,Berkeley,Downey,Costa Mesa,Inglewood,San Buenaventura (Ventura),West Covina,Norwalk,Carlsbad
Illinois,Chicago,E. Chicago,W. Chicago,N. Chicago,S. Chicago,Aurora,E. Aurora,W. Aurora,N. Aurora,S. Aurora,Rockford,E. Rockford,W. Rockford,N. Rockford,S. Rockford,E. Joliet,W. Joliet,N. Joliet,S. Joliet,E. Naperville,W. Naperville,N. Naperville,S. Naperville,E. Springfield,W. Springfield,S. Springfield,E. Peoria,W. Peoria,S. Peoria,E. Elgin,W. Elgin,S. Elgin,E. Waukegan,W. Waukegan,E. Cicero,W. Cicero,E. Champaign,W. Champaign,E. Bloomington,W. Bloomington,E. Decatur,W. Decatur,E. Arlington Heights,W. Arlington Heights,E. Evanston,W. Evanston,E. Schaumburg,W. Schaumburg,E. Bolingbrook,W. Bolingbrook,E. Palatine,W. Palatine,E. Skokie,W. Skokie,Des Plaines,Orland Park,Tinley Park,Oak Lawn,Berwyn,Mount Prospect,Wheaton,Normal,Hoffman Estates,Oak Park,Downers Grove,Glenview,Belleville,Elmhurst,DeKalb,Moline,Lombard,Buffalo Grove,Urbana,Bartlett,Crystal Lake,Quincy,Streamwood,Carol Stream,Romeoville,Plainfield,Rock Island,Hanover Park,Carpentersville,Wheeling,Park Ridge,Calumet City,Addison,Glendale Heights,Pekin,Northbrook,Elk Grove Village,Danville,St. Charles,Woodridge,North Chicago,Galesburg,Gurnee,Mundelein,Oswego
Arizona,Phoenix,E. Phoenix,W. Phoenix,N. Phoenix,S. Phoenix,Tucson,E. Tucson,W. Tucson,N. Tucson,S. Tucson,Mesa,E. Mesa,W. Mesa,N. Mesa,S. Mesa,Chandler,E. Chandler,W. Chandler,N. Chandler,S. Chandler,Glendale,E. Glendale,W. Glendale,N. Glendale,S. Glendale,Scottsdale,E. Scottsdale,W. Scottsdale,N. Scottsdale,S. Scottsdale,Gilbert,E. Gilbert,W. Gilbert,N. Gilbert,S. Gilbert,Tempe,E. Tempe,W. Tempe,N. Tempe,S. Tempe,Peoria,E. Peoria,W. Peoria,N. Peoria,S. Peoria,Surprise,E. Surprise,W. Surprise,N. Surprise,S. Surprise,Yuma,E. Yuma,W. Yuma,N. Yuma,S. Yuma,E. Avondale,W. Avondale,N. Avondale,S. Avondale,E. Flagstaff,W. Flagstaff,S. Flagstaff,E. Goodyear,W. Goodyear,S. Goodyear,E. Lake Havasu City,W. Lake Havasu City,S. Lake Havasu City,E. Buckeye,W. Buckeye,S. Buckeye,E. Casa Grande,W. Casa Grande,E. Sierra Vista,W. Sierra Vista,E. Maricopa,W. Maricopa,E. Oro Valley,W. Oro Valley,E. Prescott,W. Prescott,E. Bullhead City,W. Bullhead City,E. Prescott Valley,W. Prescott Valley,E. Apache Junction,W. Apache Junction,E. Marana,W. Marana,El Mirage,Kingman,Queen Creek,Florence,San Luis,Sahuarita,Fountain Hills,Nogales,Douglas
Idaho,Boise City,E. Boise City,W. Boise City,N. Boise City,S. Boise City,Nampa,E. Nampa,W. Nampa,N. Nampa,S. Nampa,Meridian,E. Meridian,W. Meridian,N. Meridian,S. Meridian,Idaho Falls,E. Idaho Falls,W. Idaho Falls,N. Idaho Falls,S. Idaho Falls,Pocatello,E. Pocatello,W. Pocatello,N. Pocatello,S. Pocatello,Caldwell,E. Caldwell,W. Caldwell,N. Caldwell,S. Caldwell,Coeur d'Alene,E. Coeur d'Alene,W. Coeur d'Alene,N. Coeur d'Alene,S. Coeur d'Alene,Twin Falls,E. Twin Falls,W. Twin Falls,N. Twin Falls,S. Twin Falls,Lewiston,E. Lewiston,W. Lewiston,N. Lewiston,S. Lewiston,Post Falls,E. Post Falls,W. Post Falls,N. Post Falls,S. Post Falls,Rexburg,E. Rexburg,W. Rexburg,N. Rexburg,S. Rexburg,Moscow,E. Moscow,W. Moscow,N. Moscow,S. Moscow,E. Eagle,W. Eagle,N. Eagle,S. Eagle,E. Kuna,W. Kuna,S. Kuna,E. Mountain Home,W. Mountain Home,S. Mountain Home,E. Chubbuck,W. Chubbuck,S. Chubbuck,E. Ammon,W. Ammon,S. Ammon,E. Hayden,W. Hayden,S. Hayden,E. Blackfoot,W. Blackfoot,E. Garden City,W. Garden City,E. Jerome,W. Jerome,E. Burley,W. Burley,Hailey,Payette,Sandpoint,Rathdrum,Emmett,Star,Rupert,Middleton,Weiser,Preston,Fruitland,American Falls
New Mexico,Albuquerque,E. Albuquerque,W. Albuquerque,N. Albuquerque,S. Albuquerque,Las Cruces,E. Las Cruces,W. Las Cruces,N. Las Cruces,S. Las Cruces,Rio Rancho,E. Rio Rancho,W. Rio Rancho,N. Rio Rancho,S. Rio Rancho,Santa Fe,E. Santa Fe,W. Santa Fe,N. Santa Fe,S. Santa Fe,Roswell,E. Roswell,W. Roswell,N. Roswell,S. Roswell,Farmington,E. Farmington,W. Farmington,N. Farmington,S. Farmington,Clovis,E. Clovis,W. Clovis,N. Clovis,S. Clovis,Hobbs,E. Hobbs,W. Hobbs,N. Hobbs,S. Hobbs,Alamogordo,E. Alamogordo,W. Alamogordo,N. Alamogordo,S. Alamogordo,Carlsbad,E. Carlsbad,W. Carlsbad,N. Carlsbad,S. Carlsbad,Gallup,E. Gallup,W. Gallup,N. Gallup,S. Gallup,E. Deming,W. Deming,S. Deming,E. Los Lunas,W. Los Lunas,S. Los Lunas,E. Sunland Park,W. Sunland Park,S. Sunland Park,E. Las Vegas,W. Las Vegas,S. Las Vegas,E. Portales,W. Portales,S. Portales,E. Artesia,W. Artesia,S. Artesia,E. Lovington,W. Lovington,E. Silver City,W. Silver City,E. Española,W. Española,E. Grants,W. Grants,E. Socorro,W. Socorro,E. Corrales,W. Corrales,E. Bernalillo,W. Bernalillo,E. Bloomfield,W. Bloomfield,E. Ruidoso,W. Ruidoso,Belen,Raton,Aztec,Truth or Consequences,Los Ranchos de Albuquerque,Taos,Tucumcari,Bosque Farms
Colorado,Denver,E. Denver,W. Denver,N. Denver,S. Denver,Colorado Springs,E. Colorado Springs,W. Colorado Springs,N. Colorado Springs,S. Colorado Springs,Aurora,E. Aurora,W. Aurora,N. Aurora,S. Aurora,Fort Collins,E. Fort Collins,W. Fort Collins,N. Fort Collins,S. Fort Collins,Lakewood,E. Lakewood,W. Lakewood,N. Lakewood,S. Lakewood,Thornton,E. Thornton,W. Thornton,N. Thornton,S. Thornton,Pueblo,E. Pueblo,W. Pueblo,N. Pueblo,S. Pueblo,Arvada,E. Arvada,W. Arvada,N. Arvada,S. Arvada,Westminster,E. Westminster,W. Westminster,N. Westminster,S. Westminster,Centennial,E. Centennial,W. Centennial,N. Centennial,S. Centennial,Boulder,E. Boulder,W. Boulder,N. Boulder,S. Boulder,Greeley,E. Greeley,W. Greeley,N. Greeley,S. Greeley,Longmont,E. Longmont,W. Longmont,N. Longmont,S. Longmont,E. Loveland,W. Loveland,N. Loveland,S. Loveland,E. Grand Junction,W. Grand Junction,S. Grand Junction,E. Broomfield,W. Broomfield,S. Broomfield,E. Castle Rock,W. Castle Rock,E. Commerce City,W. Commerce City,E. Parker,W. Parker,E. Littleton,W. Littleton,E. Northglenn,W. Northglenn,E. Brighton,W. Brighton,Englewood,Wheat Ridge,Fountain,Lafayette,Montrose,Golden,Windsor,Evans,Louisville,Erie,Durango
Wyoming,Cheyenne,E. Cheyenne,W. Cheyenne,N. Cheyenne,S. Cheyenne,Casper,E. Casper,W. Casper,N. Casper,S. Casper,Laramie,E. Laramie,W. Laramie,N. Laramie,S. Laramie,Gillette,E. Gillette,W. Gillette,N. Gillette,S. Gillette,Rock Springs,E. Rock Springs,W. Rock Springs,N. Rock Springs,S. Rock Springs,Sheridan,E. Sheridan,W. Sheridan,N. Sheridan,S. Sheridan,Green River,E. Green River,W. Green River,N. Green River,S. Green River,Evanston,E. Evanston,W. Evanston,N. Evanston,S. Evanston,Riverton,E. Riverton,W. Riverton,N. Riverton,S. Riverton,Jackson,E. Jackson,W. Jackson,N. Jackson,S. Jackson,Cody,E. Cody,W. Cody,N. Cody,S. Cody,Rawlins,E. Rawlins,W. Rawlins,N. Rawlins,S. Rawlins,E. Lander,W. Lander,N. Lander,S. Lander,E. Torrington,W. Torrington,N. Torrington,S. Torrington,E. Powell,W. Powell,N. Powell,S. Powell,E. Douglas,W. Douglas,S. Douglas,E. Worland,W. Worland,S. Worland,E. Buffalo,W. Buffalo,E. Wheatland,W. Wheatland,E. Newcastle,W. Newcastle,E. Mills,W. Mills,Thermopolis,Kemmerer,Glenrock,Evansville,Lovell,Bar Nunn,Lyman,Pinedale,Afton,Greybull,Wright,Saratoga
Virginia,Virginia Beach,E. Virginia Beach,W. Virginia Beach,N. Virginia Beach,S. Virginia Beach,Norfolk,E. Norfolk,W. Norfolk,N. Norfolk,S. Norfolk,Chesapeake,E. Chesapeake,W. Chesapeake,N. Chesapeake,S. Chesapeake,Richmond,E. Richmond,W. Richmond,N. Richmond,S. Richmond,Newport News,E. Newport News,W. Newport News,N. Newport News,S. Newport News,Alexandria,E. Alexandria,W. Alexandria,N. Alexandria,S. Alexandria,Hampton,E. Hampton,W. Hampton,N. Hampton,S. Hampton,Roanoke,E. Roanoke,W. Roanoke,N. Roanoke,S. Roanoke,Portsmouth,E. Portsmouth,W. Portsmouth,N. Portsmouth,S. Portsmouth,Suffolk,E. Suffolk,W. Suffolk,N. Suffolk,S. Suffolk,Lynchburg,E. Lynchburg,W. Lynchburg,N. Lynchburg,S. Lynchburg,E. Harrisonburg,W. Harrisonburg,N. Harrisonburg,S. Harrisonburg,E. Charlottesville,W. Charlottesville,S. Charlottesville,E. Danville,W. Danville,S. Danville,E. Blacksburg,W. Blacksburg,S. Blacksburg,E. Leesburg,W. Leesburg,S. Leesburg,E. Manassas,W. Manassas,S. Manassas,E. Petersburg,W. Petersburg,E. Winchester,W. Winchester,E. Salem,W. Salem,Fredericksburg,Staunton,Herndon,Hopewell,Fairfax,Christiansburg,Waynesboro,Bristol,Colonial Heights,Radford,Culpeper,Vienna,Front Royal,Manassas Park,Williamsburg,Martinsville,Falls Church
Nebraska,Omaha,E. Omaha,W. Omaha,N. Omaha,S. Omaha,Lincoln,E. Lincoln,W. Lincoln,N. Lincoln,S. Lincoln,Bellevue,E. Bellevue,W. Bellevue,N. Bellevue,S. Bellevue,Grand Island,E. Grand Island,W. Grand Island,N. Grand Island,S. Grand Island,Kearney,E. Kearney,W. Kearney,N. Kearney,S. Kearney,Fremont,E. Fremont,W. Fremont,N. Fremont,S. Fremont,Hastings,E. Hastings,W. Hastings,N. Hastings,S. Hastings,North Platte,E. North Platte,W. North Platte,N. North Platte,S. North Platte,Norfolk,E. Norfolk,W. Norfolk,N. Norfolk,S. Norfolk,Columbus,E. Columbus,W. Columbus,N. Columbus,S. Columbus,Papillion,E. Papillion,W. Papillion,N. Papillion,S. Papillion,E. La Vista,W. La Vista,N. La Vista,S. La Vista,E. Scottsbluff,W. Scottsbluff,N. Scottsbluff,S. Scottsbluff,E. South Sioux City,W. South Sioux City,S. South Sioux City,E. Beatrice,W. Beatrice,S. Beatrice,E. Lexington,W. Lexington,E. Gering,W. Gering,E. Alliance,W. Alliance,E. Blair,W. Blair,E. York,W. York,E. McCook,W. McCook,Nebraska City,Seward,Crete,Sidney,Plattsmouth,Schuyler,Ralston,Chadron,Wayne,Holdrege,Ogallala,Wahoo,Aurora,Gretna,Falls City,Cozad,Fairbury
Maryland,Baltimore,E. Baltimore,W. Baltimore,N. Baltimore,S. Baltimore,Frederick,E. Frederick,W. Frederick,N. Frederick,S. Frederick,Rockville,E. Rockville,W. Rockville,N. Rockville,S. Rockville,Gaithersburg,E. Gaithersburg,W. Gaithersburg,N. Gaithersburg,S. Gaithersburg,Bowie,E. Bowie,W. Bowie,N. Bowie,S. Bowie,Hagerstown,E. Hagerstown,W. Hagerstown,N. Hagerstown,S. Hagerstown,Annapolis,E. Annapolis,W. Annapolis,N. Annapolis,S. Annapolis,College Park,E. College Park,W. College Park,N. College Park,S. College Park,Salisbury,E. Salisbury,W. Salisbury,N. Salisbury,S. Salisbury,Laurel,E. Laurel,W. Laurel,N. Laurel,S. Laurel,E. Greenbelt,W. Greenbelt,N. Greenbelt,S. Greenbelt,E. Cumberland,W. Cumberland,N. Cumberland,S. Cumberland,E. Westminster,W. Westminster,S. Westminster,E. Hyattsville,W. Hyattsville,S. Hyattsville,E. Takoma Park,W. Takoma Park,S. Takoma Park,E. Easton,W. Easton,S. Easton,E. Elkton,W. Elkton,S. Elkton,E. Aberdeen,W. Aberdeen,S. Aberdeen,E. Havre de Grace,W. Havre de Grace,E. Cambridge,W. Cambridge,E. New Carrollton,W. New Carrollton,E. Bel Air,W. Bel Air,Mount Airy,Bladensburg,Frostburg,La Plata,Mount Rainier,Ocean City,Riverdale Park,Taneytown,Hampstead,Cheverly,Thurmont,Glenarden,Brunswick,District Heights,Walkersville,Chesapeake Beach,Chestertown
Arkansas,Little Rock,E. Little Rock,W. Little Rock,N. Little Rock,S. Little Rock,Fort Smith,E. Fort Smith,W. Fort Smith,N. Fort Smith,S. Fort Smith,Fayetteville,E. Fayetteville,W. Fayetteville,N. Fayetteville,S. Fayetteville,Springdale,E. Springdale,W. Springdale,N. Springdale,S. Springdale,Jonesboro,E. Jonesboro,W. Jonesboro,N. Jonesboro,S. Jonesboro,North Little Rock,E. North Little Rock,W. North Little Rock,N. North Little Rock,S. North Little Rock,Conway,E. Conway,W. Conway,N. Conway,S. Conway,Rogers,E. Rogers,W. Rogers,N. Rogers,S. Rogers,Pine Bluff,E. Pine Bluff,W. Pine Bluff,N. Pine Bluff,S. Pine Bluff,E. Bentonville,W. Bentonville,S. Bentonville,E. Hot Springs,W. Hot Springs,S. Hot Springs,E. Benton,W. Benton,S. Benton,E. Texarkana,W. Texarkana,S. Texarkana,E. Sherwood,W. Sherwood,S. Sherwood,E. Jacksonville,W. Jacksonville,S. Jacksonville,E. Russellville,W. Russellville,E. Bella Vista,W. Bella Vista,E. West Memphis,W. West Memphis,E. Paragould,W. Paragould,E. Cabot,W. Cabot,E. Searcy,W. Searcy,E. Van Buren,W. Van Buren,E. El Dorado,W. El Dorado,Maumelle,Bryant,Blytheville,Forrest City,Siloam Springs,Harrison,Mountain Home,Marion,Helena-West Helena,Camden,Magnolia,Arkadelphia,Malvern,Batesville,Hope,Centerton,Monticello
Montana,Billings,E. Billings,W. Billings,N. Billings,S. Billings,Missoula,E. Missoula,W. Missoula,N. Missoula,S. Missoula,Great Falls,E. Great Falls,W. Great Falls,N. Great Falls,S. Great Falls,Bozeman,E. Bozeman,W. Bozeman,N. Bozeman,S. Bozeman,Butte-Silver Bow (balance),E. Butte-Silver Bow (balance),W. Butte-Silver Bow (balance),N. Butte-Silver Bow (balance),S. Butte-Silver Bow (balance),Helena,E. Helena,W. Helena,N. Helena,S. Helena,Kalispell,E. Kalispell,W. Kalispell,N. Kalispell,S. Kalispell,Havre,E. Havre,W. Havre,N. Havre,S. Havre,Anaconda-Deer Lodge County,E. Anaconda-Deer Lodge County,W. Anaconda-Deer Lodge County,N. Anaconda-Deer Lodge County,S. Anaconda-Deer Lodge County,E. Miles City,W. Miles City,N. Miles City,S. Miles City,E. Belgrade,W. Belgrade,N. Belgrade,S. Belgrade,E. Livingston,W. Livingston,N. Livingston,S. Livingston,E. Laurel,W. Laurel,S. Laurel,E. Whitefish,W. Whitefish,S. Whitefish,E. Lewistown,W. Lewistown,S. Lewistown,E. Sidney,W. Sidney,E. Glendive,W. Glendive,E. Columbia Falls,W. Columbia Falls,E. Polson,W. Polson,E. Hamilton,W. Hamilton,E. Dillon,W. Dillon,E. Hardin,W. Hardin,Shelby,Glasgow,Deer Lodge,Cut Bank,Libby,Wolf Point,Conrad,Colstrip,Red Lodge,Malta,East Helena,Columbus,Townsend,Ronan,Three Forks,Stevensville,Roundup,Forsyth
South Carolina,Columbia,E. Columbia,W. Columbia,N. Columbia,S. Columbia,Charleston,E. Charleston,W. Charleston,N. Charleston,S. Charleston,North Charleston,E. North Charleston,W. North Charleston,N. North Charleston,S. North Charleston,Mount Pleasant,E. Mount Pleasant,W. Mount Pleasant,N. Mount Pleasant,S. Mount Pleasant,Rock Hill,E. Rock Hill,W. Rock Hill,N. Rock Hill,S. Rock Hill,Greenville,E. Greenville,W. Greenville,N. Greenville,S. Greenville,Summerville,E. Summerville,W. Summerville,N. Summerville,S. Summerville,E. Sumter,W. Sumter,N. Sumter,S. Sumter,E. Hilton Head Island,W. Hilton Head Island,N. Hilton Head Island,S. Hilton Head Island,E. Florence,W. Florence,N. Florence,S. Florence,E. Spartanburg,W. Spartanburg,N. Spartanburg,S. Spartanburg,E. Goose Creek,W. Goose Creek,N. Goose Creek,S. Goose Creek,E. Aiken,W. Aiken,S. Aiken,E. Myrtle Beach,W. Myrtle Beach,S. Myrtle Beach,E. Anderson,W. Anderson,S. Anderson,E. Greer,W. Greer,E. Greenwood,W. Greenwood,E. Mauldin,W. Mauldin,E. North Augusta,W. North Augusta,E. Easley,W. Easley,E. Simpsonville,W. Simpsonville,E. Hanahan,W. Hanahan,E. Lexington,W. Lexington,E. Conway,W. Conway,West Columbia,Orangeburg,Clemson,North Myrtle Beach,Bluffton,Cayce,Gaffney,Beaufort,Irmo,Fort Mill,Port Royal,Forest Acres,Newberry,Georgetown,Laurens,Bennettsville
North Dakota,Fargo,E. Fargo,W. Fargo,N. Fargo,S. Fargo,Bismarck,E. Bismarck,W. Bismarck,N. Bismarck,S. Bismarck,Grand Forks,E. Grand Forks,W. Grand Forks,N. Grand Forks,S. Grand Forks,Minot,E. Minot,W. Minot,N. Minot,S. Minot,West Fargo,E. West Fargo,W. West Fargo,N. West Fargo,S. West Fargo,Mandan,E. Mandan,W. Mandan,N. Mandan,S. Mandan,Dickinson,E. Dickinson,W. Dickinson,N. Dickinson,S. Dickinson,Jamestown,E. Jamestown,W. Jamestown,N. Jamestown,S. Jamestown,Williston,E. Williston,W. Williston,N. Williston,S. Williston,Wahpeton,E. Wahpeton,W. Wahpeton,N. Wahpeton,S. Wahpeton,Devils Lake,E. Devils Lake,W. Devils Lake,N. Devils Lake,S. Devils Lake,Valley City,E. Valley City,W. Valley City,N. Valley City,S. Valley City,E. Grafton,W. Grafton,S. Grafton,E. Beulah,W. Beulah,E. Rugby,W. Rugby,E. Horace,W. Horace,E. Hazen,W. Hazen,E. Lincoln,W. Lincoln,E. Casselton,W. Casselton,Bottineau,Lisbon,Carrington,New Town,Langdon,Mayville,Oakes,Harvey,Watford City,Bowman,Hillsboro,Stanley,Garrison,Park River,Ellendale,New Rockford,Larimore,Cavalier,Rolla,Washburn,Tioga,Hettinger
Oregon,Portland,E. Portland,W. Portland,N. Portland,S. Portland,Eugene,E. Eugene,W. Eugene,N. Eugene,S. Eugene,Salem,E. Salem,W. Salem,N. Salem,S. Salem,Gresham,E. Gresham,W. Gresham,N. Gresham,S. Gresham,Hillsboro,E. Hillsboro,W. Hillsboro,N. Hillsboro,S. Hillsboro,Beaverton,E. Beaverton,W. Beaverton,N. Beaverton,S. Beaverton,Bend,E. Bend,W. Bend,N. Bend,S. Bend,Medford,E. Medford,W. Medford,N. Medford,S. Medford,Springfield,E. Springfield,W. Springfield,N. Springfield,S. Springfield,E. Corvallis,W. Corvallis,N. Corvallis,S. Corvallis,E. Albany,W. Albany,N. Albany,S. Albany,E. Tigard,W. Tigard,N. Tigard,S. Tigard,E. Lake Oswego,W. Lake Oswego,S. Lake Oswego,E. Keizer,W. Keizer,S. Keizer,E. Grants Pass,W. Grants Pass,E. McMinnville,W. McMinnville,E. Oregon City,W. Oregon City,E. Redmond,W. Redmond,E. Tualatin,W. Tualatin,E. West Linn,W. West Linn,E. Woodburn,W. Woodburn,Newberg,Roseburg,Forest Grove,Klamath Falls,Milwaukie,Ashland,Wilsonville,Sherwood,Central Point,Hermiston,Pendleton,Coos Bay,Troutdale,Canby,Lebanon,Dallas,Happy Valley,The Dalles,La Grande,St. Helens
Tennessee,Memphis,E. Memphis,W. Memphis,N. Memphis,S. Memphis,Nashville-Davidson metropolitan (balance),E. Nashville-Davidson metropolitan (balance),W. Nashville-Davidson metropolitan (balance),N. Nashville-Davidson metropolitan (balance),S. Nashville-Davidson metropolitan (balance),Knoxville,E. Knoxville,W. Knoxville,N. Knoxville,S. Knoxville,Chattanooga,E. Chattanooga,W. Chattanooga,N. Chattanooga,S. Chattanooga,Clarksville,E. Clarksville,W. Clarksville,N. Clarksville,S. Clarksville,Murfreesboro,E. Murfreesboro,W. Murfreesboro,N. Murfreesboro,S. Murfreesboro,Jackson,E. Jackson,W. Jackson,N. Jackson,S. Jackson,E. Johnson City,W. Johnson City,N. Johnson City,S. Johnson City,E. Franklin,W. Franklin,N. Franklin,S. Franklin,E. Bartlett,W. Bartlett,N. Bartlett,S. Bartlett,E. Hendersonville,W. Hendersonville,N. Hendersonville,S. Hendersonville,E. Kingsport,W. Kingsport,S. Kingsport,E. Collierville,W. Collierville,S. Collierville,E. Cleveland,W. Cleveland,S. Cleveland,E. Smyrna,W. Smyrna,S. Smyrna,E. Germantown,W. Germantown,S. Germantown,E. Brentwood,W. Brentwood,E. Columbia,W. Columbia,E. La Vergne,W. La Vergne,E. Cookeville,W. Cookeville,E. Gallatin,W. Gallatin,E. Oak Ridge,W. Oak Ridge,E. Morristown,W. Morristown,E. Spring Hill,W. Spring Hill,E. Maryville,W. Maryville,E. Bristol,W. Bristol,E. Lebanon,W. Lebanon,Mount Juliet,East Ridge,Farragut,Shelbyville,Tullahoma,Dyersburg,Springfield,Goodlettsville,Greeneville,Sevierville,Dickson,Elizabethton,McMinnville,Athens
North Carolina,Charlotte,E. Charlotte,W. Charlotte,N. Charlotte,S. Charlotte,Raleigh,E. Raleigh,W. Raleigh,N. Raleigh,S. Raleigh,Greensboro,E. Greensboro,W. Greensboro,N. Greensboro,S. Greensboro,Winston-Salem,E. Winston-Salem,W. Winston-Salem,N. Winston-Salem,S. Winston-Salem,Durham,E. Durham,W. Durham,N. Durham,S. Durham,Fayetteville,E. Fayetteville,W. Fayetteville,N. Fayetteville,S. Fayetteville,Cary,E. Cary,W. Cary,N. Cary,S. Cary,Wilmington,E. Wilmington,W. Wilmington,N. Wilmington,S. Wilmington,High Point,E. High Point,W. High Point,N. High Point,S. High Point,E. Greenville,W. Greenville,N. Greenville,S. Greenville,E. Asheville,W. Asheville,N. Asheville,S. Asheville,E. Concord,W. Concord,S. Concord,E. Gastonia,W. Gastonia,S. Gastonia,E. Jacksonville,W. Jacksonville,S. Jacksonville,E. Rocky Mount,W. Rocky Mount,E. Chapel Hill,W. Chapel Hill,E. Burlington,W. Burlington,E. Wilson,W. Wilson,E. Huntersville,W. Huntersville,E. Kannapolis,W. Kannapolis,Hickory,Apex,Goldsboro,Salisbury,Indian Trail,Monroe,Mooresville,Wake Forest,New Bern,Sanford,Matthews,Thomasville,Garner,Asheboro,Cornelius,Holly Springs,Statesville,Kernersville,Mint Hill,Kinston,Lumberton,Havelock
Massachusetts,Boston,E. Boston,W. Boston,N. Boston,S. Boston,Worcester,E. Worcester,W. Worcester,N. Worcester,S. Worcester,Springfield,E. Springfield,W. Springfield,N. Springfield,S. Springfield,Lowell,E. Lowell,W. Lowell,N. Lowell,S. Lowell,Cambridge,E. Cambridge,W. Cambridge,N. Cambridge,S. Cambridge,E. New Bedford,W. New Bedford,N. New Bedford,S. New Bedford,E. Brockton,W. Brockton,N. Brockton,S. Brockton,E. Quincy,W. Quincy,N. Quincy,S. Quincy,E. Lynn,W. Lynn,N. Lynn,S. Lynn,E. Fall River,W. Fall River,N. Fall River,S. Fall River,E. Newton,W. Newton,N. Newton,S. Newton,E. Lawrence,W. Lawrence,S. Lawrence,E. Somerville,W. Somerville,S. Somerville,E. Haverhill,W. Haverhill,S. Haverhill,E. Waltham,W. Waltham,E. Malden,W. Malden,E. Medford,W. Medford,E. Taunton,W. Taunton,E. Chicopee,W. Chicopee,E. Weymouth Town,W. Weymouth Town,E. Revere,W. Revere,E. Peabody,W. Peabody,E. Methuen Town,W. Methuen Town,E. Barnstable Town,W. Barnstable Town,E. Pittsfield,W. Pittsfield,E. Attleboro,W. Attleboro,E. Everett,W. Everett,E. Salem,W. Salem,E. Westfield,W. Westfield,E. Leominster,W. Leominster,Fitchburg,Holyoke,Beverly,Marlborough,Woburn,Braintree Town,Chelsea,Watertown Town,Franklin Town,Gloucester,Northampton,Agawam Town,West Springfield Town,Melrose
Oklahoma,Oklahoma City,E. Oklahoma City,W. Oklahoma City,N. Oklahoma City,S. Oklahoma City,Tulsa,E. Tulsa,W. Tulsa,N. Tulsa,S. Tulsa,Norman,E. Norman,W. Norman,N. Norman,S. Norman,Broken Arrow,E. Broken Arrow,W. Broken Arrow,N. Broken Arrow,S. Broken Arrow,Lawton,E. Lawton,W. Lawton,N. Lawton,S. Lawton,Edmond,E. Edmond,W. Edmond,N. Edmond,S. Edmond,Moore,E. Moore,W. Moore,N. Moore,S. Moore,Midwest City,E. Midwest City,W. Midwest City,N. Midwest City,S. Midwest City,Enid,E. Enid,W. Enid,N. Enid,S. Enid,E. Stillwater,W. Stillwater,N. Stillwater,S. Stillwater,E. Muskogee,W. Muskogee,N. Muskogee,S. Muskogee,E. Bartlesville,W. Bartlesville,S. Bartlesville,E. Shawnee,W. Shawnee,S. Shawnee,E. Owasso,W. Owasso,S. Owasso,E. Ponca City,W. Ponca City,E. Ardmore,W. Ardmore,E. Duncan,W. Duncan,E. Yukon,W. Yukon,E. Del City,W. Del City,E. Bixby,W. Bixby,E. Sapulpa,W. Sapulpa,E. Altus,W. Altus,Bethany,Sand Springs,Claremore,McAlester,Mustang,Jenks,Ada,El Reno,Chickasha,Durant,Tahlequah,Miami,Okmulgee,Woodward,Elk City,Guymon,Choctaw,Weatherford,Glenpool,Guthrie,Warr Acres,Coweta
Utah,Salt Lake City,E. Salt Lake City,W. Salt Lake City,N. Salt Lake City,S. Salt Lake City,West Valley City,E. West Valley City,W. West Valley City,N. West Valley City,S. West Valley City,Provo,E. Provo,W. Provo,N. Provo,S. Provo,West Jordan,E. West Jordan,W. West Jordan,N. West Jordan,S. West Jordan,Orem,E. Orem,W. Orem,N. Orem,S. Orem,Sandy,E. Sandy,W. Sandy,N. Sandy,S. Sandy,Ogden,E. Ogden,W. Ogden,N. Ogden,S. Ogden,St. George,E. St. George,W. St. George,N. St. George,S. St. George,E. Layton,W. Layton,N. Layton,S. Layton,E. Taylorsville,W. Taylorsville,N. Taylorsville,S. Taylorsville,E. South Jordan,W. South Jordan,S. South Jordan,E. Logan,W. Logan,S. Logan,E. Lehi,W. Lehi,S. Lehi,E. Murray,W. Murray,S. Murray,E. Bountiful,W. Bountiful,S. Bountiful,E. Draper,W. Draper,S. Draper,E. Riverton,W. Riverton,E. Roy,W. Roy,E. Spanish Fork,W. Spanish Fork,E. Pleasant Grove,W. Pleasant Grove,E. Cottonwood Heights,W. Cottonwood Heights,E. Tooele,W. Tooele,E. Clearfield,W. Clearfield,E. Springville,W. Springville,E. Cedar City,W. Cedar City,E. Midvale,W. Midvale,Kaysville,Holladay,American Fork,Syracuse,South Salt Lake,Herriman,Eagle Mountain,Clinton,Washington,Payson,Farmington,Brigham City,Saratoga Springs,North Ogden,South Ogden,North Salt Lake,Highland,Centerville
Louisiana,New Orleans,E. New Orleans,W. New Orleans,N. New Orleans,S. New Orleans,Baton Rouge,E. Baton Rouge,W. Baton Rouge,N. Baton Rouge,S. Baton Rouge,Shreveport,E. Shreveport,W. Shreveport,N. Shreveport,S. Shreveport,Lafayette,E. Lafayette,W. Lafayette,N. Lafayette,S. Lafayette,Lake Charles,E. Lake Charles,W. Lake Charles,N. Lake Charles,S. Lake Charles,Kenner,E. Kenner,W. Kenner,N. Kenner,S. Kenner,Bossier City,E. Bossier City,W. Bossier City,N. Bossier City,S. Bossier City,Monroe,E. Monroe,W. Monroe,N. Monroe,S. Monroe,Alexandria,E. Alexandria,W. Alexandria,N. Alexandria,S. Alexandria,E. Houma,W. Houma,N. Houma,S. Houma,E. New Iberia,W. New Iberia,S. New Iberia,E. Slidell,W. Slidell,S. Slidell,E. Central,W. Central,S. Central,E. Ruston,W. Ruston,E. Sulphur,W. Sulphur,E. Hammond,W. Hammond,E. Natchitoches,W. Natchitoches,E. Gretna,W. Gretna,E. Opelousas,W. Opelousas,Zachary,Thibodaux,Pineville,Baker,Crowley,Minden,West Monroe,Morgan City,Abbeville,Bogalusa,Mandeville,Bastrop,DeRidder,Eunice,Jennings,Denham Springs,Gonzales,Harahan,Covington,Scott,Westwego,Broussard,Breaux Bridge,Youngsville,Rayne,Oakdale
Michigan,Detroit,E. Detroit,W. Detroit,N. Detroit,S. Detroit,Grand Rapids,E. Grand Rapids,W. Grand Rapids,N. Grand Rapids,S. Grand Rapids,Warren,E. Warren,W. Warren,N. Warren,S. Warren,Sterling Heights,E. Sterling Heights,W. Sterling Heights,N. Sterling Heights,S. Sterling Heights,E. Lansing,W. Lansing,N. Lansing,S. Lansing,E. Ann Arbor,W. Ann Arbor,N. Ann Arbor,S. Ann Arbor,E. Flint,W. Flint,N. Flint,S. Flint,E. Dearborn,W. Dearborn,N. Dearborn,S. Dearborn,E. Livonia,W. Livonia,N. Livonia,S. Livonia,E. Westland,W. Westland,S. Westland,E. Troy,W. Troy,S. Troy,E. Farmington Hills,W. Farmington Hills,S. Farmington Hills,E. Kalamazoo,W. Kalamazoo,S. Kalamazoo,E. Wyoming,W. Wyoming,S. Wyoming,E. Southfield,W. Southfield,E. Rochester Hills,W. Rochester Hills,E. Taylor,W. Taylor,E. St. Clair Shores,W. St. Clair Shores,E. Pontiac,W. Pontiac,E. Dearborn Heights,W. Dearborn Heights,E. Royal Oak,W. Royal Oak,E. Novi,W. Novi,E. Battle Creek,W. Battle Creek,E. Saginaw,W. Saginaw,E. Kentwood,W. Kentwood,E. East Lansing,W. East Lansing,Roseville,Portage,Midland,Muskegon,Lincoln Park,Bay City,Jackson,Holland,Eastpointe,Port Huron,Southgate,Burton,Madison Heights,Oak Park,Allen Park,Garden City,Mount Pleasant,Wyandotte,Inkster
Mississippi,Jackson,E. Jackson,W. Jackson,N. Jackson,S. Jackson,Gulfport,E. Gulfport,W. Gulfport,N. Gulfport,S. Gulfport,Southaven,E. Southaven,W. Southaven,N. Southaven,S. Southaven,Hattiesburg,E. Hattiesburg,W. Hattiesburg,N. Hattiesburg,S. Hattiesburg,Biloxi,E. Biloxi,W. Biloxi,N. Biloxi,S. Biloxi,Meridian,E. Meridian,W. Meridian,N. Meridian,S. Meridian,E. Tupelo,W. Tupelo,N. Tupelo,S. Tupelo,E. Greenville,W. Greenville,N. Greenville,S. Greenville,E. Olive Branch,W. Olive Branch,N. Olive Branch,S. Olive Branch,E. Horn Lake,W. Horn Lake,S. Horn Lake,E. Clinton,W. Clinton,S. Clinton,E. Pearl,W. Pearl,S. Pearl,E. Madison,W. Madison,S. Madison,E. Ridgeland,W. Ridgeland,E. Starkville,W. Starkville,E. Vicksburg,W. Vicksburg,E. Columbus,W. Columbus,E. Pascagoula,W. Pascagoula,E. Brandon,W. Brandon,E. Oxford,W. Oxford,E. Gautier,W. Gautier,E. Laurel,W. Laurel,E. Clarksdale,W. Clarksdale,E. Ocean Springs,W. Ocean Springs,Natchez,Greenwood,Long Beach,Corinth,Hernando,Moss Point,Canton,Grenada,McComb,Brookhaven,Cleveland,Byram,Yazoo City,West Point,Picayune,Indianola,Petal,D'Iberville,Bay St. Louis,Booneville,Senatobia
Indiana,Indianapolis (balance),E. Indianapolis (balance),W. Indianapolis (balance),N. Indianapolis (balance),S. Indianapolis (balance),Fort Wayne,E. Fort Wayne,W. Fort Wayne,N. Fort Wayne,S. Fort Wayne,Evansville,E. Evansville,W. Evansville,N. Evansville,S. Evansville,South Bend,E. South Bend,W. South Bend,N. South Bend,S. South Bend,E. Hammond,W. Hammond,N. Hammond,S. Hammond,E. Bloomington,W. Bloomington,N. Bloomington,S. Bloomington,E. Gary,W. Gary,N. Gary,S. Gary,E. Carmel,W. Carmel,N. Carmel,S. Carmel,E. Fishers,W. Fishers,N. Fishers,S. Fishers,E. Muncie,W. Muncie,S. Muncie,E. Lafayette,W. Lafayette,S. Lafayette,E. Terre Haute,W. Terre Haute,S. Terre Haute,E. Anderson,W. Anderson,S. Anderson,E. Noblesville,W. Noblesville,E. Elkhart,W. Elkhart,E. Greenwood,W. Greenwood,E. Mishawaka,W. Mishawaka,E. Lawrence,W. Lawrence,E. Kokomo,W. Kokomo,E. Jeffersonville,W. Jeffersonville,E. Columbus,W. Columbus,E. Portage,W. Portage,E. Richmond,W. Richmond,E. New Albany,W. New Albany,Merrillville,Valparaiso,Goshen,Michigan City,Westfield,Marion,East Chicago,West Lafayette,Schererville,Hobart,Plainfield,Crown Point,Highland,Franklin,Munster,La Porte,Clarksville,Brownsburg,Greenfield,Shelbyville,Vincennes,Logansport
Missouri,Kansas City,E. Kansas City,W. Kansas City,N. Kansas City,S. Kansas City,St. Louis,E. St. Louis,W. St. Louis,N. St. Louis,S. St. Louis,Springfield,E. Springfield,W. Springfield,N. Springfield,S. Springfield,Independence,E. Independence,W. Independence,N. Independence,S. Independence,Columbia,E. Columbia,W. Columbia,N. Columbia,S. Columbia,Lee's Summit,E. Lee's Summit,W. Lee's Summit,N. Lee's Summit,S. Lee's Summit,O'Fallon,E. O'Fallon,W. O'Fallon,N. O'Fallon,S. O'Fallon,St. Joseph,E. St. Joseph,W. St. Joseph,N. St. Joseph,S. St. Joseph,E. St. Charles,W. St. Charles,N. St. Charles,S. St. Charles,E. Blue Springs,W. Blue Springs,S. Blue Springs,E. St. Peters,W. St. Peters,S. St. Peters,E. Florissant,W. Florissant,S. Florissant,E. Joplin,W. Joplin,S. Joplin,E. Chesterfield,W. Chesterfield,S. Chesterfield,E. Jefferson City,W. Jefferson City,E. Cape Girardeau,W. Cape Girardeau,E. Wildwood,W. Wildwood,E. University City,W. University City,E. Ballwin,W. Ballwin,E. Raytown,W. Raytown,Liberty,Wentzville,Kirkwood,Maryland Heights,Hazelwood,Gladstone,Grandview,Belton,Webster Groves,Sedalia,Ferguson,Arnold,Rolla,Raymore,Nixa,Warrensburg,Manchester,Hannibal,Creve Coeur,Ozark,Kirksville,Poplar Bluff,Sikeston,Farmington,Overland,Clayton
Georgia,Atlanta,E. Atlanta,W. Atlanta,N. Atlanta,S. Atlanta,Augusta-Richmond County consolidated (balance),E. Augusta-Richmond County consolidated (balance),W. Augusta-Richmond County consolidated (balance),N. Augusta-Richmond County consolidated (balance),S. Augusta-Richmond County consolidated (balance),Columbus,E. Columbus,W. Columbus,N. Columbus,S. Columbus,Savannah,E. Savannah,W. Savannah,N. Savannah,S. Savannah,Athens-Clarke County unified (balance),E. Athens-Clarke County unified (balance),W. Athens-Clarke County unified (balance),N. Athens-Clarke County unified (balance),S. Athens-Clarke County unified (balance),Sandy Springs,E. Sandy Springs,W. Sandy Springs,N. Sandy Springs,S. Sandy Springs,Roswell,E. Roswell,W. Roswell,N. Roswell,S. Roswell,E. Albany,W. Albany,N. Albany,S. Albany,E. Johns Creek,W. Johns Creek,N. Johns Creek,S. Johns Creek,E. Warner Robins,W. Warner Robins,N. Warner Robins,S. Warner Robins,E. Alpharetta,W. Alpharetta,S. Alpharetta,E. Marietta,W. Marietta,S. Marietta,E. Valdosta,W. Valdosta,S. Valdosta,E. Smyrna,W. Smyrna,S. Smyrna,E. Dunwoody,W. Dunwoody,E. Rome,W. Rome,E. Peachtree City,W. Peachtree City,E. Gainesville,W. Gainesville,E. East Point,W. East Point,E. Hinesville,W. Hinesville,E. Dalton,W. Dalton,E. Newnan,W. Newnan,Milton,Douglasville,Kennesaw,LaGrange,Lawrenceville,Statesboro,Duluth,Stockbridge,Carrollton,Woodstock,Griffin,Canton,McDonough,Acworth,Cartersville,Union City,Decatur,Pooler,Sugar Hill,Forest Park,Thomasville,Snellville,Milledgeville,St. Marys,Americus
Wisconsin,Milwaukee,E. Milwaukee,W. Milwaukee,N. Milwaukee,S. Milwaukee,Madison,E. Madison,W. Madison,N. Madison,S. Madison,Green Bay,E. Green Bay,W. Green Bay,N. Green Bay,S. Green Bay,Kenosha,E. Kenosha,W. Kenosha,N. Kenosha,S. Kenosha,E. Racine,W. Racine,N. Racine,S. Racine,E. Appleton,W. Appleton,N. Appleton,S. Appleton,E. Waukesha,W. Waukesha,N. Waukesha,S. Waukesha,E. Oshkosh,W. Oshkosh,N. Oshkosh,S. Oshkosh,E. Eau Claire,W. Eau Claire,N. Eau Claire,S. Eau Claire,E. Janesville,W. Janesville,S. Janesville,E. West Allis,W. West Allis,S. West Allis,E. La Crosse,W. La Crosse,S. La Crosse,E. Sheboygan,W. Sheboygan,S. Sheboygan,E. Wauwatosa,W. Wauwatosa,E. Fond du Lac,W. Fond du Lac,E. New Berlin,W. New Berlin,E. Wausau,W. Wausau,E. Brookfield,W. Brookfield,E. Beloit,W. Beloit,E. Greenfield,W. Greenfield,E. Menomonee Falls,W. Menomonee Falls,E. Franklin,W. Franklin,E. Oak Creek,W. Oak Creek,E. Manitowoc,W. Manitowoc,West Bend,Sun Prairie,Superior,Stevens Point,Mount Pleasant,Neenah,Fitchburg,Caledonia,Muskego,Watertown,De Pere,Mequon,South Milwaukee,Germantown,Pleasant Prairie,Marshfield,Wisconsin Rapids,Cudahy,Onalaska,Middleton,Howard,Menasha,Ashwaubenon
Kentucky,Louisville/Jefferson County metro (balance),E. Louisville/Jefferson County metro (balance),W. Louisville/Jefferson County metro (balance),N. Louisville/Jefferson County metro (balance),S. Louisville/Jefferson County metro (balance),Lexington-Fayette urban,E. Lexington-Fayette urban,W. Lexington-Fayette urban,N. Lexington-Fayette urban,S. Lexington-Fayette urban,Bowling Green,E. Bowling Green,W. Bowling Green,N. Bowling Green,S. Bowling Green,Owensboro,E. Owensboro,W. Owensboro,N. Owensboro,S. Owensboro,E. Covington,W. Covington,N. Covington,S. Covington,E. Hopkinsville,W. Hopkinsville,S. Hopkinsville,E. Richmond,W. Richmond,S. Richmond,E. Florence,W. Florence,S. Florence,E. Georgetown,W. Georgetown,S. Georgetown,E. Henderson,W. Henderson,S. Henderson,E. Elizabethtown,W. Elizabethtown,S. Elizabethtown,E. Nicholasville,W. Nicholasville,S. Nicholasville,E. Jeffersontown,W. Jeffersontown,S. Jeffersontown,E. Frankfort,W. Frankfort,S. Frankfort,E. Paducah,W. Paducah,S. Paducah,E. Independence,W. Independence,S. Independence,E. Radcliff,W. Radcliff,E. Ashland,W. Ashland,E. Madisonville,W. Madisonville,E. Winchester,W. Winchester,E. Erlanger,W. Erlanger,E. Murray,W. Murray,E. St. Matthews,W. St. Matthews,Fort Thomas,Danville,Newport,Shively,Shelbyville,Glasgow,Berea,Bardstown,Shepherdsville,Somerset,Lyndon,Lawrenceburg,Middlesborough,Mayfield,Mount Washington,Campbellsville,Maysville,Edgewood,Versailles,Paris,Alexandria,Elsmere,Franklin,Harrodsburg,Fort Mitchell
Alabama,Birmingham,E. Birmingham,W. Birmingham,N. Birmingham,S. Birmingham,Montgomery,E. Montgomery,W. Montgomery,N. Montgomery,S. Montgomery,Mobile,E. Mobile,W. Mobile,N. Mobile,S. Mobile,Huntsville,E. Huntsville,W. Huntsville,N. Huntsville,S. Huntsville,Tuscaloosa,E. Tuscaloosa,W. Tuscaloosa,N. Tuscaloosa,S. Tuscaloosa,Hoover,E. Hoover,W. Hoover,N. Hoover,S. Hoover,Dothan,E. Dothan,W. Dothan,N. Dothan,S. Dothan,E. Decatur,W. Decatur,N. Decatur,S. Decatur,E. Auburn,W. Auburn,N. Auburn,S. Auburn,E. Madison,W. Madison,S. Madison,E. Florence,W. Florence,S. Florence,E. Gadsden,W. Gadsden,E. Vestavia Hills,W. Vestavia Hills,E. Prattville,W. Prattville,E. Phenix City,W. Phenix City,E. Alabaster,W. Alabaster,E. Bessemer,W. Bessemer,E. Enterprise,W. Enterprise,E. Opelika,W. Opelika,Homewood,Northport,Anniston,Prichard,Athens,Daphne,Pelham,Oxford,Albertville,Selma,Mountain Brook,Trussville,Troy,Center Point,Helena,Hueytown,Talladega,Fairhope,Ozark,Alexander City,Cullman,Scottsboro,Millbrook,Foley,Jasper,Hartselle,Fort Payne,Gardendale,Saraland,Muscle Shoals,Eufaula
New Jersey,Newark,E. Newark,W. Newark,N. Newark,S. Newark,Jersey City,E. Jersey City,W. Jersey City,N. Jersey City,S. Jersey City,Paterson,E. Paterson,W. Paterson,N. Paterson,S. Paterson,Elizabeth,E. Elizabeth,W. Elizabeth,N. Elizabeth,S. Elizabeth,E. Trenton,W. Trenton,N. Trenton,S. Trenton,E. Clifton,W. Clifton,N. Clifton,S. Clifton,E. Camden,W. Camden,N. Camden,S. Camden,E. Passaic,W. Passaic,S. Passaic,E. Union City,W. Union City,S. Union City,E. East Orange,W. East Orange,S. East Orange,E. Bayonne,W. Bayonne,S. Bayonne,E. Vineland,W. Vineland,S. Vineland,E. New Brunswick,W. New Brunswick,S. New Brunswick,E. Perth Amboy,W. Perth Amboy,E. Hoboken,W. Hoboken,E. Plainfield,W. Plainfield,E. West New York,W. West New York,E. Hackensack,W. Hackensack,E. Sayreville,W. Sayreville,E. Kearny,W. Kearny,E. Linden,W. Linden,E. Atlantic City,W. Atlantic City,Fort Lee,Fair Lawn,Long Branch,Garfield,Westfield,Millville,Rahway,Englewood,Bergenfield,Paramus,Bridgeton,Ridgewood,Lodi,Cliffside Park,South Plainfield,Carteret,North Plainfield,Summit,Roselle,Pleasantville,Palisades Park,Elmwood Park,Hawthorne,Glassboro,Morristown,Point Pleasant,Dover,Rutherford
New York,New York,E. New York,W. New York,N. New York,S. New York,Buffalo,E. Buffalo,W. Buffalo,N. Buffalo,S. Buffalo,Rochester,E. Rochester,W. Rochester,N. Rochester,S. Rochester,Yonkers,E. Yonkers,W. Yonkers,N. Yonkers,S. Yonkers,Syracuse,E. Syracuse,W. Syracuse,N. Syracuse,S. Syracuse,Albany,E. Albany,W. Albany,N. Albany,S. Albany,E. New Rochelle,W. New Rochelle,N. New Rochelle,S. New Rochelle,E. Mount Vernon,W. Mount Vernon,N. Mount Vernon,S. Mount Vernon,E. Schenectady,W. Schenectady,N. Schenectady,S. Schenectady,E. Utica,W. Utica,S. Utica,E. White Plains,W. White Plains,S. White Plains,E. Hempstead,W. Hempstead,S. Hempstead,E. Niagara Falls,W. Niagara Falls,S. Niagara Falls,E. Troy,W. Troy,S. Troy,E. Binghamton,W. Binghamton,E. Freeport,W. Freeport,E. Valley Stream,W. Valley Stream,E. Rome,W. Rome,E. Long Beach,W. Long Beach,E. Poughkeepsie,W. Poughkeepsie,North Tonawanda,Spring Valley,Jamestown,Ithaca,Elmira,Port Chester,Newburgh,Middletown,Auburn,Harrison,Lindenhurst,Watertown,Glen Cove,Saratoga Springs,Ossining,Rockville Centre,Kingston,Peekskill,Garden City,Lockport,Kiryas Joel,Plattsburgh,Lynbrook,Cortland,Mamaroneck,Mineola,Amsterdam,Oswego,Lackawanna,Scarsdale,Massapequa Park
Ohio,Columbus,E. Columbus,W. Columbus,N. Columbus,S. Columbus,Cleveland,E. Cleveland,W. Cleveland,N. Cleveland,S. Cleveland,Cincinnati,E. Cincinnati,W. Cincinnati,N. Cincinnati,S. Cincinnati,Toledo,E. Toledo,W. Toledo,N. Toledo,S. Toledo,Akron,E. Akron,W. Akron,N. Akron,S. Akron,Dayton,E. Dayton,W. Dayton,N. Dayton,S. Dayton,E. Parma,W. Parma,S. Parma,E. Canton,W. Canton,E. Youngstown,W. Youngstown,E. Lorain,W. Lorain,E. Hamilton,W. Hamilton,E. Springfield,W. Springfield,E. Kettering,W. Kettering,E. Elyria,W. Elyria,E. Lakewood,W. Lakewood,E. Cuyahoga Falls,W. Cuyahoga Falls,E. Euclid,W. Euclid,Middletown,Mansfield,Newark,Mentor,Cleveland Heights,Beavercreek,Strongsville,Fairfield,Dublin,Warren,Findlay,Lancaster,Lima,Huber Heights,Marion,Westerville,Reynoldsburg,Grove City,Stow,Delaware,Brunswick,Upper Arlington,Gahanna,Westlake,North Olmsted,Fairborn,Massillon,Mason,North Royalton,Bowling Green,North Ridgeville,Kent,Garfield Heights,Shaker Heights,Hilliard,Medina,Barberton,Wooster,Sandusky,Xenia,Green,Zanesville,Riverside,Troy
Connecticut,Bridgeport,E. Bridgeport,W. Bridgeport,N. Bridgeport,S. Bridgeport,New Haven,E. New Haven,W. New Haven,N. New Haven,S. New Haven,Hartford,E. Hartford,W. Hartford,N. Hartford,S. Hartford,Stamford,E. Stamford,W. Stamford,N. Stamford,S. Stamford,Waterbury,E. Waterbury,W. Waterbury,N. Waterbury,S. Waterbury,Norwalk,E. Norwalk,W. Norwalk,N. Norwalk,S. Norwalk,Danbury,E. Danbury,W. Danbury,N. Danbury,S. Danbury,New Britain,E. New Britain,W. New Britain,N. New Britain,S. New Britain,Meriden,E. Meriden,W. Meriden,N. Meriden,S. Meriden,Bristol,E. Bristol,W. Bristol,N. Bristol,S. Bristol,West Haven,E. West Haven,W. West Haven,N. West Haven,S. West Haven,Milford (balance),E. Milford (balance),W. Milford (balance),N. Milford (balance),S. Milford (balance),Middletown,E. Middletown,W. Middletown,N. Middletown,S. Middletown,Norwich,E. Norwich,W. Norwich,N. Norwich,S. Norwich,Shelton,E. Shelton,W. Shelton,N. Shelton,S. Shelton,Torrington,E. Torrington,W. Torrington,N. Torrington,S. Torrington,Naugatuck,E. Naugatuck,W. Naugatuck,N. Naugatuck,S. Naugatuck,New London,E. New London,W. New London,N. New London,S. New London,E. Ansonia,W. Ansonia,N. Ansonia,S. Ansonia,E. Derby,W. Derby,S. Derby,E. Groton,W. Groton
Maine,Portland,E. Portland,W. Portland,N. Portland,S. Portland,Lewiston,E. Lewiston,W. Lewiston,N. Lewiston,S. Lewiston,Bangor,E. Bangor,W. Bangor,N. Bangor,S. Bangor,South Portland,E. South Portland,W. South Portland,N. South Portland,S. South Portland,Auburn,E. Auburn,W. Auburn,N. Auburn,S. Auburn,Biddeford,E. Biddeford,W. Biddeford,N. Biddeford,S. Biddeford,Augusta,E. Augusta,W. Augusta,N. Augusta,S. Augusta,Saco,E. Saco,W. Saco,N. Saco,S. Saco,Westbrook,E. Westbrook,W. Westbrook,N. Westbrook,S. Westbrook,Waterville,E. Waterville,W. Waterville,N. Waterville,S. Waterville,Presque Isle,E. Presque Isle,W. Presque Isle,N. Presque Isle,S. Presque Isle,Brewer,E. Brewer,W. Brewer,N. Brewer,S. Brewer,Bath,E. Bath,W. Bath,N. Bath,S. Bath,Caribou,E. Caribou,W. Caribou,N. Caribou,S. Caribou,Old Town,E. Old Town,W. Old Town,N. Old Town,S. Old Town,Ellsworth,E. Ellsworth,W. Ellsworth,N. Ellsworth,S. Ellsworth,Rockland,E. Rockland,W. Rockland,N. Rockland,S. Rockland,Belfast,E. Belfast,W. Belfast,N. Belfast,S. Belfast,E. Gardiner,W. Gardiner,N. Gardiner,S. Gardiner,E. Calais,W. Calais,Hallowell
Alaska,Anchorage,E. Anchorage,W. Anchorage,N. Anchorage,S. Anchorage,Fairbanks,E. Fairbanks,W. Fairbanks,N. Fairbanks,S. Fairbanks,Juneau and,E. Juneau and,W. Juneau and,N. Juneau and,S. Juneau and,Sitka and,E. Sitka and,W. Sitka and,N. Sitka and,S. Sitka and,Ketchikan,E. Ketchikan,W. Ketchikan,N. Ketchikan,S. Ketchikan,Wasilla,E. Wasilla,W. Wasilla,N. Wasilla,S. Wasilla,Kenai,E. Kenai,W. Kenai,N. Kenai,S. Kenai,Kodiak,E. Kodiak,W. Kodiak,N. Kodiak,S. Kodiak,Bethel,E. Bethel,W. Bethel,N. Bethel,S. Bethel,Palmer,E. Palmer,W. Palmer,N. Palmer,S. Palmer,Homer,E. Homer,W. Homer,N. Homer,S. Homer,Unalaska,E. Unalaska,W. Unalaska,N. Unalaska,S. Unalaska,Barrow,E. Barrow,W. Barrow,N. Barrow,S. Barrow,Soldotna,E. Soldotna,W. Soldotna,N. Soldotna,S. Soldotna,Valdez,E. Valdez,W. Valdez,N. Valdez,S. Valdez,Nome,E. Nome,W. Nome,N. Nome,S. Nome,Kotzebue,E. Kotzebue,W. Kotzebue,N. Kotzebue,S. Kotzebue,E. Seward,W. Seward,N. Seward,S. Seward,E. Wrangell and,W. Wrangell and,S. Wrangell and,E. Dillingham,W. Dillingham,S. Dillingham,E. Cordova,W. Cordova,S. Cordova,E. North Pole,W. North Pole,S. North Pole,E. Houston,W. Houston,S. Houston,E. Craig,W. Craig,Hooper Bay,Akutan
Delaware,Wilmington,E. Wilmington,W. Wilmington,N. Wilmington,S. Wilmington,Dover,E. Dover,W. Dover,N. Dover,S. Dover,Newark,E. Newark,W. Newark,N. Newark,S. Newark,Middletown,E. Middletown,W. Middletown,N. Middletown,S. Middletown,Smyrna,E. Smyrna,W. Smyrna,N. Smyrna,S. Smyrna,Milford,E. Milford,W. Milford,N. Milford,S. Milford,Seaford,E. Seaford,W. Seaford,N. Seaford,S. Seaford,Georgetown,E. Georgetown,W. Georgetown,N. Georgetown,S. Georgetown,Elsmere,E. Elsmere,W. Elsmere,N. Elsmere,S. Elsmere,New Castle,E. New Castle,W. New Castle,N. New Castle,S. New Castle,Millsboro,E. Millsboro,W. Millsboro,N. Millsboro,S. Millsboro,Laurel,E. Laurel,W. Laurel,N. Laurel,S. Laurel,Harrington,E. Harrington,W. Harrington,N. Harrington,S. Harrington,E. Camden,W. Camden,N. Camden,S. Camden,E. Clayton,W. Clayton,N. Clayton,S. Clayton,E. Lewes,W. Lewes,S. Lewes,E. Milton,W. Milton,S. Milton,E. Selbyville,W. Selbyville,S. Selbyville,E. Townsend,W. Townsend,E. Bridgeville,W. Bridgeville,E. Ocean View,W. Ocean View,E. Delaware City,W. Delaware City,E. Delmar,W. Delmar,Cheswold,Rehoboth Beach,Wyoming,Felton,Blades,Bellefonte,Bethany Beach,Newport
Nevada,Las Vegas,E. Las Vegas,W. Las Vegas,N. Las Vegas,S. Las Vegas,Henderson,E. Henderson,W. Henderson,N. Henderson,S. Henderson,Reno,E. Reno,W. Reno,N. Reno,S. Reno,North Las Vegas,E. North Las Vegas,W. North Las Vegas,N. North Las Vegas,S. North Las Vegas,Sparks,E. Sparks,W. Sparks,N. Sparks,S. Sparks,Carson City,E. Carson City,W. Carson City,N. Carson City,S. Carson City,Fernley,E. Fernley,W. Fernley,N. Fernley,S. Fernley,Elko,E. Elko,W. Elko,N. Elko,S. Elko,Mesquite,E. Mesquite,W. Mesquite,N. Mesquite,S. Mesquite,Boulder City,E. Boulder City,W. Boulder City,N. Boulder City,S. Boulder City,Fallon,E. Fallon,W. Fallon,N. Fallon,S. Fallon,Winnemucca,E. Winnemucca,W. Winnemucca,N. Winnemucca,S. Winnemucca,West Wendover,E. West Wendover,W. West Wendover,N. West Wendover,S. West Wendover,Ely,E. Ely,W. Ely,N. Ely,S. Ely,Yerington,E. Yerington,W. Yerington,N. Yerington,S. Yerington,Carlin,E. Carlin,W. Carlin,N. Carlin,S. Carlin,Lovelock,E. Lovelock,W. Lovelock,N. Lovelock,S. Lovelock,Wells,E. Wells,W. Wells,N. Wells,S. Wells,Caliente,E. Caliente,W. Caliente,N. Caliente,S. Caliente,NE Las Vegas
Vermont,Burlington,E. Burlington,W. Burlington,N. Burlington,S. Burlington,South Burlington,E. South Burlington,W. South Burlington,N. South Burlington,S. South Burlington,Rutland,E. Rutland,W. Rutland,N. Rutland,S. Rutland,Essex Junction,E. Essex Junction,W. Essex Junction,N. Essex Junction,S. Essex Junction,Barre,E. Barre,W. Barre,N. Barre,S. Barre,Montpelier,E. Montpelier,W. Montpelier,N. Montpelier,S. Montpelier,Winooski,E. Winooski,W. Winooski,N. Winooski,S. Winooski,St. Albans,E. St. Albans,W. St. Albans,N. St. Albans,S. St. Albans,Newport,E. Newport,W. Newport,N. Newport,S. Newport,Bellows Falls,E. Bellows Falls,W. Bellows Falls,N. Bellows Falls,S. Bellows Falls,Vergennes,E. Vergennes,W. Vergennes,N. Vergennes,S. Vergennes,Swanton,E. Swanton,W. Swanton,N. Swanton,S. Swanton,Morrisville,E. Morrisville,W. Morrisville,N. Morrisville,S. Morrisville,Waterbury,E. Waterbury,W. Waterbury,N. Waterbury,S. Waterbury,North Bennington,E. North Bennington,W. North Bennington,N. North Bennington,S. North Bennington,Poultney,E. Poultney,W. Poultney,N. Poultney,S. Poultney,Johnson,E. Johnson,W. Johnson,N. Johnson,S. Johnson,Enosburg Falls,E. Enosburg Falls,W. Enosburg Falls,N. Enosburg Falls,S. Enosburg Falls,Lyndonville,E. Lyndonville,W. Lyndonville,N. Lyndonville,S. Lyndonville,SE Burlington
New Hampshire,Manchester,E. Manchester,W. Manchester,N. Manchester,S. Manchester,NE Manchester,NW Manchester,SE Manchester,SW Manchester,Nashua,E. Nashua,W. Nashua,N. Nashua,S. Nashua,NE Nashua,NW Nashua,SE Nashua,SW Nashua,Concord,E. Concord,W. Concord,N. Concord,S. Concord,NE Concord,NW Concord,SE Concord,SW Concord,Dover,E. Dover,W. Dover,N. Dover,S. Dover,NE Dover,NW Dover,SE Dover,SW Dover,Rochester,E. Rochester,W. Rochester,N. Rochester,S. Rochester,NE Rochester,NW Rochester,SE Rochester,SW Rochester,Keene,E. Keene,W. Keene,N. Keene,S. Keene,NE Keene,NW Keene,SE Keene,SW Keene,Portsmouth,E. Portsmouth,W. Portsmouth,N. Portsmouth,S. Portsmouth,NE Portsmouth,NW Portsmouth,SE Portsmouth,SW Portsmouth,Laconia,E. Laconia,W. Laconia,N. Laconia,S. Laconia,NE Laconia,NW Laconia,SE Laconia,SW Laconia,Claremont,E. Claremont,W. Claremont,N. Claremont,S. Claremont,NE Claremont,NW Claremont,SE Claremont,SW Claremont,Lebanon,E. Lebanon,W. Lebanon,N. Lebanon,S. Lebanon,NE Lebanon,NW Lebanon,SE Lebanon,SW Lebanon,Somersworth,E. Somersworth,W. Somersworth,N. Somersworth,S. Somersworth,NE Somersworth,NW Somersworth,SE Somersworth,SW Somersworth,Berlin,E. Berlin,W. Berlin,N. Berlin,S. Berlin,NE Berlin,NW Berlin,SE Berlin,SW Berlin,Franklin,E. Franklin,W. Franklin,N. Franklin,S. Franklin,NE Franklin,NW Franklin,SE Franklin,SW Franklin
